Name,Description,Price,Stock,Merchant product number,GTIN,Image link 1,Image link 2,Image link 3,Image link 4,Image link 5,Category
Vloer sokken - Warme Wintersokken - Sokken voor Binnen - Pantoffels voor bij de open haard - Warme Antislip Huissokken Volwassenen - Antislip Slippersokken voor- Dikke Pluche Sokken - Tapijtsokken - Thuis Sokken-Zwart- vrouwen 35-40,"<p>Ademend materiaal voor optimaal comfort</p>
<p>De sokken zijn vervaardigd van ademende materialen die vocht reguleren en zo een fris gevoel geven tijdens langdurig dragen binnenshuis</p>
<p>Speciale hielbescherming voor extra steun</p>
<p>Versterkte hielzones bieden aanvullende ondersteuning en gaan slijtage tegen bij dagelijks gebruik op verschillende vloeroppervlakken</p>
<p>Elastische boord voor perfecte aansluiting</p>
<p>De flexibele boord zorgt voor een comfortabele pasvorm rond de enkel zonder af te knellen of te slippen tijdens beweging</p>
<p>Geschikt voor alle binnenactiviteiten</p>
<p>Ideaal voor dagelijkse huishoudelijke taken ontspanningsmomenten en zelfs lichte yoga-oefeningen in huis</p>
<p>Makkelijk te onderhouden</p>
<p>De sokken behouden hun vorm en kwaliteit na herhaaldelijk wassen op lage temperaturen zonder te krimpen</p>
<p>Dikke zool voor extra isolatie</p>
<p>De versterkte onderzijde biedt aanvullende warmte-isolatie van koude vloeren en extra demping bij het lopen</p>",16.59,100,K0079-251127-100,6481968166184,https://cbu01.alicdn.com/img/ibank/O1CN01fPwy8c1mKHYKrsX4Y_!!2212871894935-0-cib.jpg,https://cbu01.alicdn.com/img/ibank/O1CN01OWc8Ze1mKHfmr2nlD_!!2212871894935-0-cib.jpg,,,,Fashion/Underwear/Socks
Vloer sokken - Warme Wintersokken - Sokken voor Binnen - Pantoffels voor bij de open haard - Warme Antislip Huissokken Volwassenen - Antislip Slippersokken voor- Dikke Pluche Sokken - Tapijtsokken - Thuis Sokken-Grijs- vrouwen 35-40,"<p>Ademend materiaal voor optimaal comfort</p>
<p>De sokken zijn vervaardigd van ademende materialen die vocht reguleren en zo een fris gevoel geven tijdens langdurig dragen binnenshuis</p>
<p>Speciale hielbescherming voor extra steun</p>
<p>Versterkte hielzones bieden aanvullende ondersteuning en gaan slijtage tegen bij dagelijks gebruik op verschillende vloeroppervlakken</p>
<p>Elastische boord voor perfecte aansluiting</p>
<p>De flexibele boord zorgt voor een comfortabele pasvorm rond de enkel zonder af te knellen of te slippen tijdens beweging</p>
<p>Geschikt voor alle binnenactiviteiten</p>
<p>Ideaal voor dagelijkse huishoudelijke taken ontspanningsmomenten en zelfs lichte yoga-oefeningen in huis</p>
<p>Makkelijk te onderhouden</p>
<p>De sokken behouden hun vorm en kwaliteit na herhaaldelijk wassen op lage temperaturen zonder te krimpen</p>
<p>Dikke zool voor extra isolatie</p>
<p>De versterkte onderzijde biedt aanvullende warmte-isolatie van koude vloeren en extra demping bij het lopen</p>",16.59,100,K0079-251127-101,6481968166191,https://cbu01.alicdn.com/img/ibank/O1CN01cItRm31mKHYGDWCuf_!!2212871894935-0-cib.jpg,https://cbu01.alicdn.com/img/ibank/O1CN01OWc8Ze1mKHfmr2nlD_!!2212871894935-0-cib.jpg,,,,Fashion/Underwear/Socks
Vloer sokken - Warme Wintersokken - Sokken voor Binnen - Pantoffels voor bij de open haard - Warme Antislip Huissokken Volwassenen - Antislip Slippersokken voor- Dikke Pluche Sokken - Tapijtsokken - Thuis Sokken-Army Green- vrouwen 35-40,"<p>Ademend materiaal voor optimaal comfort</p>
<p>De sokken zijn vervaardigd van ademende materialen die vocht reguleren en zo een fris gevoel geven tijdens langdurig dragen binnenshuis</p>
<p>Speciale hielbescherming voor extra steun</p>
<p>Versterkte hielzones bieden aanvullende ondersteuning en gaan slijtage tegen bij dagelijks gebruik op verschillende vloeroppervlakken</p>
<p>Elastische boord voor perfecte aansluiting</p>
<p>De flexibele boord zorgt voor een comfortabele pasvorm rond de enkel zonder af te knellen of te slippen tijdens beweging</p>
<p>Geschikt voor alle binnenactiviteiten</p>
<p>Ideaal voor dagelijkse huishoudelijke taken ontspanningsmomenten en zelfs lichte yoga-oefeningen in huis</p>
<p>Makkelijk te onderhouden</p>
<p>De sokken behouden hun vorm en kwaliteit na herhaaldelijk wassen op lage temperaturen zonder te krimpen</p>
<p>Dikke zool voor extra isolatie</p>
<p>De versterkte onderzijde biedt aanvullende warmte-isolatie van koude vloeren en extra demping bij het lopen</p>",16.59,100,K0079-251127-102,6481968166207,https://cbu01.alicdn.com/img/ibank/O1CN01qNtdE61mKHbZwdqOJ_!!2212871894935-0-cib.jpg,https://cbu01.alicdn.com/img/ibank/O1CN01OWc8Ze1mKHfmr2nlD_!!2212871894935-0-cib.jpg,,,,Fashion/Underwear/Socks
Vloer sokken - Warme Wintersokken - Sokken voor Binnen - Pantoffels voor bij de open haard - Warme Antislip Huissokken Volwassenen - Antislip Slippersokken voor- Dikke Pluche Sokken - Tapijtsokken - Thuis Sokken-Roze- vrouwen 35-40,"<p>Ademend materiaal voor optimaal comfort</p>
<p>De sokken zijn vervaardigd van ademende materialen die vocht reguleren en zo een fris gevoel geven tijdens langdurig dragen binnenshuis</p>
<p>Speciale hielbescherming voor extra steun</p>
<p>Versterkte hielzones bieden aanvullende ondersteuning en gaan slijtage tegen bij dagelijks gebruik op verschillende vloeroppervlakken</p>
<p>Elastische boord voor perfecte aansluiting</p>
<p>De flexibele boord zorgt voor een comfortabele pasvorm rond de enkel zonder af te knellen of te slippen tijdens beweging</p>
<p>Geschikt voor alle binnenactiviteiten</p>
<p>Ideaal voor dagelijkse huishoudelijke taken ontspanningsmomenten en zelfs lichte yoga-oefeningen in huis</p>
<p>Makkelijk te onderhouden</p>
<p>De sokken behouden hun vorm en kwaliteit na herhaaldelijk wassen op lage temperaturen zonder te krimpen</p>
<p>Dikke zool voor extra isolatie</p>
<p>De versterkte onderzijde biedt aanvullende warmte-isolatie van koude vloeren en extra demping bij het lopen</p>",16.59,100,K0079-251127-103,6481968166214,https://cbu01.alicdn.com/img/ibank/O1CN01Ts33C71mKHYJdRhYW_!!2212871894935-0-cib.jpg,https://cbu01.alicdn.com/img/ibank/O1CN01OWc8Ze1mKHfmr2nlD_!!2212871894935-0-cib.jpg,,,,Fashion/Underwear/Socks
Vloer sokken - Warme Wintersokken - Sokken voor Binnen - Pantoffels voor bij de open haard - Warme Antislip Huissokken Volwassenen - Antislip Slippersokken voor- Dikke Pluche Sokken - Tapijtsokken - Thuis Sokken-Donker paars- vrouw 35-40,"<p>Ademend materiaal voor optimaal comfort</p>
<p>De sokken zijn vervaardigd van ademende materialen die vocht reguleren en zo een fris gevoel geven tijdens langdurig dragen binnenshuis</p>
<p>Speciale hielbescherming voor extra steun</p>
<p>Versterkte hielzones bieden aanvullende ondersteuning en gaan slijtage tegen bij dagelijks gebruik op verschillende vloeroppervlakken</p>
<p>Elastische boord voor perfecte aansluiting</p>
<p>De flexibele boord zorgt voor een comfortabele pasvorm rond de enkel zonder af te knellen of te slippen tijdens beweging</p>
<p>Geschikt voor alle binnenactiviteiten</p>
<p>Ideaal voor dagelijkse huishoudelijke taken ontspanningsmomenten en zelfs lichte yoga-oefeningen in huis</p>
<p>Makkelijk te onderhouden</p>
<p>De sokken behouden hun vorm en kwaliteit na herhaaldelijk wassen op lage temperaturen zonder te krimpen</p>
<p>Dikke zool voor extra isolatie</p>
<p>De versterkte onderzijde biedt aanvullende warmte-isolatie van koude vloeren en extra demping bij het lopen</p>",16.59,100,K0079-251127-104,6481968166221,https://cbu01.alicdn.com/img/ibank/O1CN01ArH6bA1mKHZNRao4F_!!2212871894935-0-cib.jpg,https://cbu01.alicdn.com/img/ibank/O1CN01OWc8Ze1mKHfmr2nlD_!!2212871894935-0-cib.jpg,,,,Fashion/Underwear/Socks
Vloer sokken - Warme Wintersokken - Sokken voor Binnen - Pantoffels voor bij de open haard - Warme Antislip Huissokken Volwassenen - Antislip Slippersokken voor- Dikke Pluche Sokken - Tapijtsokken - Thuis Sokken-Lake Blue- vrouwen 35-40,"<p>Ademend materiaal voor optimaal comfort</p>
<p>De sokken zijn vervaardigd van ademende materialen die vocht reguleren en zo een fris gevoel geven tijdens langdurig dragen binnenshuis</p>
<p>Speciale hielbescherming voor extra steun</p>
<p>Versterkte hielzones bieden aanvullende ondersteuning en gaan slijtage tegen bij dagelijks gebruik op verschillende vloeroppervlakken</p>
<p>Elastische boord voor perfecte aansluiting</p>
<p>De flexibele boord zorgt voor een comfortabele pasvorm rond de enkel zonder af te knellen of te slippen tijdens beweging</p>
<p>Geschikt voor alle binnenactiviteiten</p>
<p>Ideaal voor dagelijkse huishoudelijke taken ontspanningsmomenten en zelfs lichte yoga-oefeningen in huis</p>
<p>Makkelijk te onderhouden</p>
<p>De sokken behouden hun vorm en kwaliteit na herhaaldelijk wassen op lage temperaturen zonder te krimpen</p>
<p>Dikke zool voor extra isolatie</p>
<p>De versterkte onderzijde biedt aanvullende warmte-isolatie van koude vloeren en extra demping bij het lopen</p>",16.59,100,K0079-251127-105,6481968166238,https://cbu01.alicdn.com/img/ibank/O1CN01CrMp0F1mKHYBgszKU_!!2212871894935-0-cib.jpg,https://cbu01.alicdn.com/img/ibank/O1CN01OWc8Ze1mKHfmr2nlD_!!2212871894935-0-cib.jpg,,,,Fashion/Underwear/Socks
Vloer sokken - Warme Wintersokken - Sokken voor Binnen - Pantoffels voor bij de open haard - Warme Antislip Huissokken Volwassenen - Antislip Slippersokken voor- Dikke Pluche Sokken - Tapijtsokken - Thuis Sokken-Tibetblauw- vrouw 35-40,"<p>Ademend materiaal voor optimaal comfort</p>
<p>De sokken zijn vervaardigd van ademende materialen die vocht reguleren en zo een fris gevoel geven tijdens langdurig dragen binnenshuis</p>
<p>Speciale hielbescherming voor extra steun</p>
<p>Versterkte hielzones bieden aanvullende ondersteuning en gaan slijtage tegen bij dagelijks gebruik op verschillende vloeroppervlakken</p>
<p>Elastische boord voor perfecte aansluiting</p>
<p>De flexibele boord zorgt voor een comfortabele pasvorm rond de enkel zonder af te knellen of te slippen tijdens beweging</p>
<p>Geschikt voor alle binnenactiviteiten</p>
<p>Ideaal voor dagelijkse huishoudelijke taken ontspanningsmomenten en zelfs lichte yoga-oefeningen in huis</p>
<p>Makkelijk te onderhouden</p>
<p>De sokken behouden hun vorm en kwaliteit na herhaaldelijk wassen op lage temperaturen zonder te krimpen</p>
<p>Dikke zool voor extra isolatie</p>
<p>De versterkte onderzijde biedt aanvullende warmte-isolatie van koude vloeren en extra demping bij het lopen</p>",16.59,100,K0079-251127-106,6481968166245,https://cbu01.alicdn.com/img/ibank/O1CN01G9hXz71mKHZQuWSn4_!!2212871894935-0-cib.jpg,https://cbu01.alicdn.com/img/ibank/O1CN01OWc8Ze1mKHfmr2nlD_!!2212871894935-0-cib.jpg,,,,Fashion/Underwear/Socks
,,,,,,,,,,,
,,,,,,,,,,,
